{"options":{},"indexes":[{"v":2,"key":{"_id":1},"name":"_id_","ns":"mgmwf.users"},{"v":2,"unique":true,"key":{"phone":1},"name":"phone_1","ns":"mgmwf.users","sparse":true,"background":true},{"v":2,"unique":true,"key":{"email":1},"name":"email_1","ns":"mgmwf.users","sparse":true,"background":true},{"v":2,"unique":true,"key":{"facebook":1},"name":"facebook_1","ns":"mgmwf.users","sparse":true,"background":true},{"v":2,"unique":true,"key":{"google":1},"name":"google_1","ns":"mgmwf.users","sparse":true,"background":true}],"uuid":"466e1387fd994052a91d89763f49d7ff"}