{"options":{},"indexes":[{"v":2,"key":{"_id":1},"name":"_id_","ns":"mgmwf.workflows"},{"v":2,"unique":true,"key":{"code":1},"name":"code_1","ns":"mgmwf.workflows","background":true},{"v":2,"key":{"assignedTo":1.0},"name":"assignedTo_1","ns":"mgmwf.workflows"},{"v":2,"key":{"assignedToL2":1.0},"name":"assignedToL2_1","ns":"mgmwf.workflows"},{"v":2,"key":{"meta.vendorCode":1.0},"name":"meta.vendorCode_1","ns":"mgmwf.workflows"},{"v":2,"key":{"meta.vendorName":1.0},"name":"meta.vendorName_1","ns":"mgmwf.workflows"},{"v":2,"key":{"meta.invoiceNumber":1.0},"name":"meta.invoiceNumber_1","ns":"mgmwf.workflows"},{"v":2,"key":{"status":1.0},"name":"status_1","ns":"mgmwf.workflows"},{"v":2,"key":{"uploadDate":1.0},"name":"uploadDate_1","ns":"mgmwf.workflows"},{"v":2,"key":{"lastActivityDate":1.0},"name":"lastActivityDate_1","ns":"mgmwf.workflows"}],"uuid":"570936e696194c759d8abcb1da9f0538"}